[
  {
    "args": [
      21,
      44,
      8
    ],
    "result": [
      -0.20112434120803918,
      -1.894113754030056
    ]
  },
  {
    "args": [
      69,
      37,
      10
    ],
    "result": "Equation has no roots!"
  },
  {
    "args": [
      25,
      90,
      20
    ],
    "result": [
      -0.2379500648186692,
      -3.3620499351813304
    ]
  },
  {
    "args": [
      97,
      24,
      72
    ],
    "result": "Equation has no roots!"
  },
  {
    "args": [
      14,
      78,
      36
    ],
    "result": [
      -0.5078258972711465,
      -5.0636026741574245
    ]
  },
  {
    "args": [
      90,
      18,
      13
    ],
    "result": "Equation has no roots!"
  },
  {
    "args": [
      21,
      2,
      51
    ],
    "result": "Equation has no roots!"
  },
  {
    "args": [
      82,
      64,
      84
    ],
    "result": "Equation has no roots!"
  },
  {
    "args": [
      2,
      65,
      90
    ],
    "result": [
      -1.4492398843843155,
      -31.050760115615684
    ]
  },
  {
    "args": [
      13,
      35,
      84
    ],
    "result": "Equation has no roots!"
  },
  {
    "args": [
      49,
      89,
      3
    ],
    "result": [
      -0.03435777971132474,
      -1.7819687509009203
    ]
  },
  {
    "args": [
      93,
      97,
      49
    ],
    "result": "Equation has no roots!"
  },
  {
    "args": [
      48,
      78,
      58
    ],
    "result": "Equation has no roots!"
  },
  {
    "args": [
      32,
      97,
      1
    ],
    "result": [
      -0.01034458073420752,
      -3.0209054192657927
    ]
  },
  {
    "args": [
      45,
      11,
      15
    ],
    "result": "Equation has no roots!"
  },
  {
    "args": [
      83,
      74,
      35
    ],
    "result": "Equation has no roots!"
  },
  {
    "args": [
      61,
      100,
      12
    ],
    "result": [
      -0.13036734289742166,
      -1.5089769193976603
    ]
  },
  {
    "args": [
      8,
      91,
      24
    ],
    "result": [
      -0.2701522864043513,
      -11.10484771359565
    ]
  },
  {
    "args": [
      87,
      85,
      43
    ],
    "result": "Equation has no roots!"
  },
  {
    "args": [
      29,
      63,
      53
    ],
    "result": "Equation has no roots!"
  },
  {
    "args": [
      9,
      84,
      30
    ],
    "result": [
      -0.37196709109162485,
      -8.961366242241708
    ]
  },
  {
    "args": [
      82,
      68,
      69
    ],
    "result": "Equation has no roots!"
  },
  {
    "args": [
      60,
      81,
      48
    ],
    "result": "Equation has no roots!"
  },
  {
    "args": [
      89,
      5,
      4
    ],
    "result": "Equation has no roots!"
  },
  {
    "args": [
      56,
      76,
      10
    ],
    "result": [
      -0.14764040188148192,
      -1.2095024552613753
    ]
  },
  {
    "args": [
      22,
      55,
      91
    ],
    "result": "Equation has no roots!"
  },
  {
    "args": [
      96,
      69,
      40
    ],
    "result": "Equation has no roots!"
  },
  {
    "args": [
      55,
      75,
      71
    ],
    "result": "Equation has no roots!"
  },
  {
    "args": [
      6,
      62,
      11
    ],
    "result": [
      -0.18057489944946958,
      -10.152758433883863
    ]
  },
  {
    "args": [
      89,
      24,
      47
    ],
    "result": "Equation has no roots!"
  },
  {
    "args": [
      18,
      36,
      86
    ],
    "result": "Equation has no roots!"
  },
  {
    "args": [
      12,
      90,
      13
    ],
    "result": [
      -0.14733894646378567,
      -7.352661053536214
    ]
  },
  {
    "args": [
      13,
      20,
      12
    ],
    "result": "Equation has no roots!"
  },
  {
    "args": [
      83,
      95,
      4
    ],
    "result": [
      -0.043779830589642015,
      -1.10079848266337
    ]
  },
  {
    "args": [
      28,
      17,
      20
    ],
    "result": "Equation has no roots!"
  },
  {
    "args": [
      74,
      93,
      51
    ],
    "result": "Equation has no roots!"
  },
  {
    "args": [
      43,
      64,
      10
    ],
    "result": [
      -0.17739266944400273,
      -1.3109794235792531
    ]
  },
  {
    "args": [
      28,
      70,
      40
    ],
    "result": [
      -0.8840374726443001,
      -1.6159625273557
    ]
  },
  {
    "args": [
      84,
      30,
      46
    ],
    "result": "Equation has no roots!"
  },
  {
    "args": [
      68,
      35,
      94
    ],
    "result": "Equation has no roots!"
  },
  {
    "args": [
      7,
      82,
      66
    ],
    "result": [
      -0.8694027856868313,
      -10.844882928598881
    ]
  },
  {
    "args": [
      86,
      6,
      98
    ],
    "result": "Equation has no roots!"
  },
  {
    "args": [
      23,
      88,
      53
    ],
    "result": [
      -0.7488323618264449,
      -3.077254594695294
    ]
  },
  {
    "args": [
      28,
      30,
      34
    ],
    "result": "Equation has no roots!"
  },
  {
    "args": [
      41,
      83,
      84
    ],
    "result": "Equation has no roots!"
  },
  {
    "args": [
      19,
      36,
      47
    ],
    "result": "Equation has no roots!"
  },
  {
    "args": [
      2,
      83,
      99
    ],
    "result": [
      -1.229177783710032,
      -40.27082221628997
    ]
  },
  {
    "args": [
      64,
      10,
      99
    ],
    "result": "Equation has no roots!"
  },
  {
    "args": [
      84,
      68,
      28
    ],
    "result": "Equation has no roots!"
  },
  {
    "args": [
      71,
      28,
      97
    ],
    "result": "Equation has no roots!"
  },
  {
    "args": [
      82,
      3,
      33
    ],
    "result": "Equation has no roots!"
  },
  {
    "args": [
      68,
      57,
      59
    ],
    "result": "Equation has no roots!"
  },
  {
    "args": [
      97,
      67,
      65
    ],
    "result": "Equation has no roots!"
  },
  {
    "args": [
      9,
      22,
      55
    ],
    "result": "Equation has no roots!"
  },
  {
    "args": [
      94,
      8,
      80
    ],
    "result": "Equation has no roots!"
  },
  {
    "args": [
      70,
      11,
      72
    ],
    "result": "Equation has no roots!"
  },
  {
    "args": [
      81,
      29,
      7
    ],
    "result": "Equation has no roots!"
  },
  {
    "args": [
      52,
      44,
      8
    ],
    "result": [
      -0.26449593747624384,
      -0.5816579086776024
    ]
  },
  {
    "args": [
      30,
      70,
      83
    ],
    "result": "Equation has no roots!"
  },
  {
    "args": [
      87,
      93,
      93
    ],
    "result": "Equation has no roots!"
  },
  {
    "args": [
      95,
      95,
      94
    ],
    "result": "Equation has no roots!"
  },
  {
    "args": [
      88,
      18,
      4
    ],
    "result": "Equation has no roots!"
  },
  {
    "args": [
      6,
      94,
      35
    ],
    "result": [
      -0.38163703129728077,
      -15.285029635369385
    ]
  },
  {
    "args": [
      27,
      64,
      75
    ],
    "result": "Equation has no roots!"
  },
  {
    "args": [
      86,
      76,
      34
    ],
    "result": "Equation has no roots!"
  },
  {
    "args": [
      52,
      81,
      83
    ],
    "result": "Equation has no roots!"
  },
  {
    "args": [
      54,
      23,
      33
    ],
    "result": "Equation has no roots!"
  },
  {
    "args": [
      49,
      15,
      8
    ],
    "result": "Equation has no roots!"
  },
  {
    "args": [
      42,
      100,
      28
    ],
    "result": [
      -0.32412355244474983,
      -2.0568288285076313
    ]
  },
  {
    "args": [
      66,
      51,
      67
    ],
    "result": "Equation has no roots!"
  },
  {
    "args": [
      14,
      41,
      86
    ],
    "result": "Equation has no roots!"
  },
  {
    "args": [
      2,
      77,
      89
    ],
    "result": [
      -1.1927992202556474,
      -37.30720077974435
    ]
  },
  {
    "args": [
      39,
      12,
      12
    ],
    "result": "Equation has no roots!"
  },
  {
    "args": [
      57,
      53,
      72
    ],
    "result": "Equation has no roots!"
  },
  {
    "args": [
      10,
      99,
      18
    ],
    "result": [
      -0.18528594771942294,
      -9.714714052280577
    ]
  },
  {
    "args": [
      11,
      1,
      41
    ],
    "result": "Equation has no roots!"
  },
  {
    "args": [
      96,
      71,
      75
    ],
    "result": "Equation has no roots!"
  },
  {
    "args": [
      30,
      80,
      100
    ],
    "result": "Equation has no roots!"
  },
  {
    "args": [
      94,
      19,
      50
    ],
    "result": "Equation has no roots!"
  },
  {
    "args": [
      49,
      15,
      79
    ],
    "result": "Equation has no roots!"
  },
  {
    "args": [
      91,
      68,
      97
    ],
    "result": "Equation has no roots!"
  },
  {
    "args": [
      23,
      44,
      76
    ],
    "result": "Equation has no roots!"
  },
  {
    "args": [
      79,
      95,
      79
    ],
    "result": "Equation has no roots!"
  },
  {
    "args": [
      80,
      77,
      56
    ],
    "result": "Equation has no roots!"
  },
  {
    "args": [
      19,
      77,
      55
    ],
    "result": [
      -0.9257619122986062,
      -3.126869666648762
    ]
  },
  {
    "args": [
      38,
      1,
      43
    ],
    "result": "Equation has no roots!"
  },
  {
    "args": [
      50,
      16,
      91
    ],
    "result": "Equation has no roots!"
  },
  {
    "args": [
      72,
      59,
      78
    ],
    "result": "Equation has no roots!"
  },
  {
    "args": [
      22,
      65,
      70
    ],
    "result": "Equation has no roots!"
  },
  {
    "args": [
      12,
      11,
      76
    ],
    "result": "Equation has no roots!"
  },
  {
    "args": [
      67,
      59,
      96
    ],
    "result": "Equation has no roots!"
  },
  {
    "args": [
      24,
      94,
      67
    ],
    "result": [
      -0.9368624439890615,
      -2.9798042226776054
    ]
  },
  {
    "args": [
      76,
      26,
      98
    ],
    "result": "Equation has no roots!"
  },
  {
    "args": [
      29,
      9,
      2
    ],
    "result": "Equation has no roots!"
  },
  {
    "args": [
      88,
      1,
      27
    ],
    "result": "Equation has no roots!"
  },
  {
    "args": [
      31,
      45,
      98
    ],
    "result": "Equation has no roots!"
  },
  {
    "args": [
      94,
      86,
      45
    ],
    "result": "Equation has no roots!"
  },
  {
    "args": [
      90,
      78,
      11
    ],
    "result": [
      -0.17729514173771305,
      -0.6893715249289536
    ]
  },
  {
    "args": [
      72,
      6,
      79
    ],
    "result": "Equation has no roots!"
  },
  {
    "args": [
      64,
      65,
      81
    ],
    "result": "Equation has no roots!"
  }
]